1 - GARBE;;;;;;;;;;;;;;;;;
IMMOBILIE LISTE;;;;;;;;;;;;;;;;;
;;;;;;;;;;;;;;;;;
Stichtag;;;04.05.2026;;;;;;;;;;;;;;
;;;;;;;;;;;;;;;;;
Mand;Port;Immo;Bezeichnung;Vehikel;Strasse;Hausnummer;PLZ;Ort;Land;Währung *;Fläche *;Zeitbezug *;Finanzierungsmodell *;gültig von;gültig bis;Nummer Mandant Extern;Zusätzliche Kostenstellen?
1;;5025;HH-Rahlstedt, Victoria-Park;GIG;Victoriaring;23;22143;Hamburg;Deutschland;€;m²;Monat;mit Stufen;24.09.2024;;;
1;1015982132;109;Nettetal;MATTERHORN;Montel Allee;3;41334;Nettetal;Deutschland;€;m²;Monat;;01.05.2020;;14.00;
1;1019744920;4010;Senec;UIIGARBEGENO;Dial'nicná cesta;5641;903 01;Senec;Slowakei;€;m²;Monat;;01.09.2021;;19.00;
1;1022304485;104;Osnabrück;MATTERHORN;Am Tie;7-13;49086;Osnabrück;Deutschland;€;m²;Monat;;01.01.2020;;14.00;
1;104185645;4089;Veghel;UIIGARBENONGENO;Kempkens;3000-3100;5465 PR;Veghel;Niederlande;€;m²;Monat;;14.09.2022;;;
1;107837967;6003;Harsum;BrookfieldJV;Von-Ketteler-Str;18;31177;Harsum;Deutschland;€;m²;Monat;;01.07.2024;;;
1;1127598132;211;Niestetal;DEVFUND;Zum Solarwerk;5;34266;Niestetal;Deutschland;€;m²;Monat;;01.10.2024;;;
1;113653937;432;Veghel, Huygensweg 10;GIANT;Huygensweg;10;5466;AN Veghel;Niederlande;€;m²;Monat;;01.12.2016;;15.00;
1;113653937;461;GIANT Veghel, Huygensweg 10 (Fase 1);GIANT;Huygensweg;10;5466 AN;Veghel;Niederlande;€;m²;Monat;mit Stufen;15.04.2026;;15.00;
1;1149789616;3007;Aalsmeer, Ecuadorlaan;HPV;Equadorlaan;21-27;1432 DH;Aalsmeer;Niederlande;€;m²;Monat;;01.04.2023;;17.00;
1;1152974762;439;Krautheim;GIANT;Altkrautheimer Str;28;74238;Krautheim;Deutschland;€;m²;Monat;;01.10.2020;;15.00;
1;1169612076;103;Moosburg I;MATTERHORN;Degernpoint H;1;85368;Moosburg;Deutschland;€;m²;Monat;;01.01.2020;;14.00;
1;1184934030;121;Kiel BVO;MATTERHORN;Dr Hell-Straße;6;24107;Kiel;Deutschland;€;m²;Monat;;01.01.2020;;;
1;1220118688;1062;Pilsting I Halle B;GLIFPLUSII;Rossweide;1;94431;Pilsting;Deutschland;€;m²;Monat;;30.11.2021;;28.00;
1;1220118688;1063;Pilsting II Halle C;GLIFPLUSII;Rossweide;3;94431;Pilsting;Deutschland;€;m²;Monat;;12.05.2022;;28.00;
1;1220118688;1064;Pilsting III Halle D;GLIFPLUSII;Rossweide;7;94431;Pilsting;Deutschland;€;m²;Monat;;20.11.2023;;28.00;
1;1221850276;4003;Rendsburg;UIIGARBEGENO;Winkelhörner Weg;3-5;24794;Borgstedt;Deutschland;€;m²;Monat;;01.12.2020;;19.00;
1;1232264704;441;Salzgitter;GIANT;Gottfried-Linke-Straße;91;38239;Salzgitter;Deutschland;€;m²;Monat;;01.01.2021;;15.00;
1;1252587855;4019;Mecklar "Pfenning";UIIGARBEGENO;Im Fuldatal;3;36251;Mecklar;Deutschland;€;m²;Monat;;31.08.2023;;;
1;1252587855;4020;Kassel "Hexagon";UIIGARBENONGENO;Hannoversche Str;1;34134;Kassel;Deutschland;€;m²;Monat;;15.07.2023;;;
1;1266522318;417;Stuttgart - Wernerstr.;GIANT;Wernerstr/Grenzstr;119-129 / 3-7;70435;Stuttgart;Deutschland;€;m²;Monat;;01.12.2016;;15.00;
1;1268357166;404;Besigheim;GIANT;Ferdinand-Porsche-Str;4;74354;Besigheim;Deutschland;€;m²;Monat;;01.12.2016;;15.00;
1;129945325;421;Weilerswist;GIANT;Robert-Bosch-Str;8;53919;Weilerswist;Deutschland;€;m²;Monat;;01.12.2016;;15.00;
1;1313211001;412;Völklingen;GIANT;Hans-Großwendt-Ring;19;66333;Völklingen;Deutschland;€;m²;Monat;;01.12.2016;;15.00;
1;1317695338;402;Völklingen;GIANT;Hans-Großwendt-Ring;19;66333;Völklingen;Deutschland;€;m²;Monat;;01.12.2016;;15.00;
1;1335772690;701;Brieselang - Havellandstrasse 5;GLIF;Havellandstrasse;5;14656;Brieselang;Deutschland;€;m²;Monat;;27.10.2016;;50.00;
1;1335772690;702;Grossbeeren - Märkische Allee 15;GLIF;Märkische Allee;15;14979;Großbeeren;Deutschland;€;m²;Monat;;27.10.2016;;50.00;
1;1335772690;703;Groß Machnow - Birkenweg 4;GLIF;Birkenweg;4;15834;Groß Machnow;Deutschland;€;m²;Monat;;27.10.2016;;50.00;
1;1335772690;704;Bremen, Ludwig-Erhard-Strasse 2-4;GLIF;Ludwig-Erhard-Straße;2;28197;Bremen;Deutschland;€;m²;Monat;;27.10.2016;;50.00;
1;1335772690;705;Apfelstädt - Sülzenbrücker Strasse 7;GLIF;Sülzenbrücker Straße;7;99192;Apfelstädt;Deutschland;€;m²;Monat;;27.10.2016;;50.00;
1;1335772690;706;Lahr;GLIF;Archimedesstraße;19;77933;Lahr;Deutschland;€;m²;Monat;mit Stufen;27.10.2016;;50.00;
1;1335772690;707;Essen - Hafenstrasse 70;GLIF;Hafenstrasse;70;45356;Essen;Deutschland;€;m²;Monat;;30.01.2017;;50.00;
1;1335772690;708;Worms;GLIF;Mittelrheinstrasse;23;67550;Worms;Deutschland;€;m²;Monat;;10.05.2017;;50.00;
1;1335772690;709;Koblenz;GLIF;Carl-Spaeter-Straße;4;56070;Koblenz;Deutschland;€;m²;Monat;;01.05.2018;;50.00;
1;1335772690;710;Lampertswalde - Am Mart 9;GLIF;Am Mart;9;01561;Lampertswalde;Deutschland;€;m²;Monat;;01.05.2018;;50.00;
1;1335772690;711;Neuwied;GLIF;Rudolf-Diesel-Straße;2;56566;Neuwied;Deutschland;€;m²;Monat;;01.05.2018;;50.00;
1;1335772690;712;Wunstorf, Adolf-Oesterheld-Str. 32;GLIF;Adolf-Oesterheld-Straße;32;31515;Wunstorf;Deutschland;€;m²;Monat;;01.05.2018;;50.00;
1;1335772690;714;Eggolsheim;GLIF;Fährstraße;12;91330;Eggolsheim;Deutschland;€;m²;Monat;;01.05.2018;;50.00;
1;1335772690;715;Herne - Lindenallee 4;GLIF;Lindenallee;4;44625;Herne;Deutschland;€;m²;Monat;;03.12.2018;;50.00;
1;1335772690;716;Hof - Wilhelm-Maybach-Str. 2;GLIF;Wilhelm-Maybach-Straße;2;95028;Hof;Deutschland;€;m²;Monat;;01.10.2020;;50.00;
1;1335772690;717;Nohra - Querenstr. 8;GLIF;Querenstraße;8;99428;Nohra;Deutschland;€;m²;Monat;;01.10.2020;;50.00;
1;1335772690;718;Münster;GLIF;Steinbrede;25;48163;Münster;Deutschland;€;m²;Monat;;01.10.2020;;50.00;
1;1335772690;720;Gudensberg;GLIF;Bahnwiesenweg;20;34281;Gudensberg;Deutschland;€;m²;Monat;;22.03.2019;;50.00;
1;1335772690;721;Staufenberg;GLIF;Didierstraße;42;35460;Staufenberg;Deutschland;€;m²;Monat;;22.03.2019;;50.00;
1;1335772690;722;Neuhof;GLIF;Schaffeld;6;36119;Neuhof;Deutschland;€;m²;Monat;;22.03.2019;;50.00;
1;1335772690;723;Nörten Hardenberg;GLIF;Klosteracker;5;37176;Nörten Hartenberg;Deutschland;€;m²;Monat;;01.08.2019;;50.00;
1;1335772690;724;Norderstedt - Mühlenweg 144;GLIF;Mühlenweg;144;22844;Norderstedt;Deutschland;€;m²;Monat;;01.01.2020;;50.00;
1;1335772690;725;Norderstedt - Oststraße 3;GLIF;Oststraße;3;22844;Norderstedt;Deutschland;€;m²;Monat;;01.01.2020;;50.00;
1;1335772690;726;Norderstedt - Nordportbogen 4;GLIF;Nordportbogen;4;22848;Norderstedt;Deutschland;€;m²;Monat;;01.01.2020;;50.00;
1;1335772690;727;Bremerhaven;GLIF;Überseering;22;27580;Bremerhaven;Deutschland;€;m²;Monat;;02.01.2020;;50.00;
1;1335772690;728;Neu Wulmstorf;GLIF;Am Holz;3;21629;Neu Wulmstorf;Deutschland;€;m²;Monat;;02.01.2020;;50.00;
1;1335772690;730;Marl;GLIF;Werrastraße;4;45768;Marl;Deutschland;€;m²;Monat;;01.10.2021;;50.00;
1;1335772690;731;Worms;GLIF;Mittelrheinstraße;30;67550;Worms;Deutschland;€;m²;Monat;;01.09.2021;;50.00;
1;1335772690;732;Choren - Nossener Berg 20;GLIF;Nossener Berg;20;04720;Choren;Deutschland;€;m²;Monat;;01.04.2022;;50.00;
1;1335772690;733;Rieste - Hannoversche Straße 5;GLIF;Hannoversche Straße;5;49597;Rieste;Deutschland;€;m²;Monat;;01.10.2022;;50.00;
1;1347600064;478;Almere, Rhijnauwen 4-6;GIANT;Business Parks Stichtsekant;;1358 CD;Almere;Niederlande;€;m²;Monat;;10.07.2020;;;
1;1382215756;7043;Lensahn;GLIFPLUSIII;Schwienkuhler Weg;5+7;23738;Lensahn;Deutschland;€;m²;Monat;;01.01.2024;;29.00;
1;1406414891;4015;Pernis Rotterdam;UIIGARBEGENO;Seattleweg;13;3195 ND;Pernis Rotterdam;Niederlande;€;m²;Monat;;08.07.2022;;;
1;1431898162;7007;Bamberg - Rheinstraße 9;GLIFPLUSIII;Rheinstraße;9;96052;Bamberg;Deutschland;€;m²;Monat;;01.01.2022;;29.00;
1;1431898162;7008;Dissen II - Dissener Heide 8;GLIFPLUSIII;Dissener Heide;8;49201;Dissen;Deutschland;€;m²;Monat;;01.09.2022;;29.00;
1;1431898162;7009;Flörsheim;GLIFPLUSIII;Mariechen-Graulich-Str;6;65439;Flörsheim;Deutschland;€;m²;Monat;;01.09.2022;;29.00;
1;1431898162;7011;Heppenheim II;GLIFPLUSIII;Von-Humboldt-Straße;10;64646;Heppenheim;Deutschland;€;m²;Monat;;01.09.2022;;29.00;
1;1431898162;7012;Muggensturm - Heinkelstraße 7;GLIFPLUSIII;Heinkelstraße;7;76461;Muggensturm;Deutschland;€;m²;Monat;;01.09.2022;;29.00;
1;1431898162;7013;Oyten - Lübkemann Straße 18-20;GLIFPLUSIII;Lübkemann Straße;18-20;28876;Oyten;Deutschland;€;m²;Monat;;01.09.2022;;29.00;
1;1432045618;7014;Ansbach - Robert-Bosch-Straße 5;GLIFPLUSIII;Robert-Bosch-Straße;5;91522;Ansbach;Deutschland;€;m²;Monat;;01.09.2022;;29.00;
1;1432045618;7016;Hamburg - Rondenbarg 25;GLIFPLUSIII;Rondenbarg;25;22525;Hamburg;Deutschland;€;m²;Monat;;01.09.2022;;29.00;
1;1432045618;7017;Heppenheim I;GLIFPLUSIII;An der Autobahn;1;64646;Heppenheim;Deutschland;€;m²;Monat;;01.09.2022;;29.00;
1;1432045618;7018;Kassel;GLIFPLUSIII;Falderbaumstraße;37;34123;Kassel;Deutschland;€;m²;Monat;;01.09.2022;;29.00;
1;1432045618;7019;Markgröningen - Zeppelinstraße 36;GLIFPLUSIII;Zeppelinstraße;36;71706;Markgröningen;Deutschland;€;m²;Monat;;01.09.2022;;29.00;
1;1432045618;7020;Mülheim;GLIFPLUSIII;Weseler Str;91-101;45478;Mülheim an der Ruhr;Deutschland;€;m²;Monat;;01.09.2022;;29.00;
1;1432045618;7021;Troisdorf;GLIFPLUSIII;Brüsseler Straße;5;53842;Troisdorf;Deutschland;€;m²;Monat;;01.09.2022;;29.00;
1;1432045618;7022;Wunstorf - Im Stadtfelde 8-12;GLIFPLUSIII;Im Stadtfelde;8-12;31515;Wunstorf;Deutschland;€;m²;Monat;;01.09.2022;;29.00;
1;1432045618;7024;Heppenheim IV;GLIFPLUSIII;An der Autobahn;4;64646;Heppenheim;Deutschland;€;m²;Monat;;01.05.2023;;29.00;
1;1432045618;7026;Heppenheim III;GLIFPLUSIII;An der Autobahn;3;64646;Heppenheim;Deutschland;€;m²;Monat;;01.05.2023;;29.00;
1;1435802613;3002;Waalwijk, Biesbosweg 4-6;HPV;Biesbosweg;4-6;5145PZ;Waalwijk;Niederlande;€;m²;Monat;;01.01.2022;;27.00;
1;1435802613;3005;Waalwijk, Van Harenstraat 1-1a;HPV;Van Harenstraat;1-1a;5145RH;Waalwijk;Niederlande;€;m²;Monat;;01.01.2022;;27.00;
1;1467553503;434;Duisburg - Europaallee 10;GIANT;Europaallee;10;47229;Duisburg;Deutschland;€;m²;Monat;;01.01.2018;;15.00;
1;1470113693;108;Emsdetten - Gutenbergstr. 1;MATTERHORN;Gutenbergstraße;1;48282;Emsdetten;Deutschland;€;m²;Monat;;01.01.2020;;21.00;
1;1470113693;199;Emsdetten - Gutenbergstr. 1 BVO;MATTERHORN;Gutenbergstraße;1;48282;Emsdetten;Deutschland;€;m²;Monat;;01.12.2022;;;
1;147038868;120;Kiel;MATTERHORN;Dr Hell-Straße;6;24107;Kiel;Deutschland;€;m²;Monat;;01.01.2021;;14.00;
1;1497609727;5003;Falkensee;GIG;Chemnitzer Str;8-10;14612;Falkensee;Deutschland;€;m²;Monat;;26.03.2021;;16.00;
1;1526997409;409;WCC Norderstedt;GIANT;Niendorferstraße;172;22848;Norderstedt;Deutschland;€;m²;Monat;;01.12.2016;;15.00;
1;1528031466;1003;Beselich;GLIFPLUSII;Hans-Harald-Grebe-Straße;4;65614;Beselich;Deutschland;€;m²;Monat;;01.01.2023;;28.00;
1;153046453;414;Norderstedt Schützenwall;GIANT;Schützenwall;31-35;22844;Norderstedt;Deutschland;€;m²;Monat;;01.09.2025;;15.00;
1;153448380;106;Eching;MATTERHORN;Dieselstr;12;85386;Eching;Deutschland;€;m²;Monat;;01.01.2020;;14.00;
1;1552422887;437;Emsdetten - Hollefeldstraße 63;GIANT;Hollefeldstraße;63;48282;Emsdetten;Deutschland;€;m²;Monat;;16.10.2020;;15.00;
1;1560505101;943;Dortmund - Warmbreitbandstr. 6;EhemalsRasmala;Warmbreitbanstraße;6;44145;Dortmund;Deutschland;€;m²;Monat;;21.12.2017;;;
1;1560505101;944;Almelo, Darwin 8;EhemalsRasmala;Darwin;8;6709 RL;Almelo;Niederlande;€;m²;Monat;;01.04.2019;;;
1;1568868225;179;Ensisheim;MATTERHORN;Avenue de l´Europe - ZAC de la Plaine d´Alsac;11;68190;Ensisheim;Frankreich;€;m²;Monat;;01.12.2020;;14.00;
1;1606567694;419;Bremen - Hans-Bredow-Str. 44;GIANT;Hans-Bredow-Str;44;28307;Bremen;Deutschland;€;m²;Monat;;01.12.2016;;15.00;
1;1608214286;416;Bremen - Walter-Geerdes-Str. 22;GIANT;Walter-Geerdes-Str;22;28307;Bremen;Deutschland;€;m²;Monat;;01.12.2016;;15.00;
1;1659850504;4092;Bielefeld Parkplatz;UIIGARBENONGENO;Teltower Straße;15;33719;Bielefeld;Deutschland;€;m²;Monat;;27.11.2020;;22.00;
1;1663943479;7103;Buggingen;GLIFPLUSIII;Breitenweg;35;79426;Buggingen;Deutschland;€;m²;Monat;;01.12.2022;;;
1;1692048489;2101;Ludwigsau;ARES;Im Fuldatal;6-8;36251;Ludwigsau;Deutschland;€;m²;Monat;;20.12.2023;;;
1;1715530697;7102;Rheinberg;GLIFPLUSIII;Hubert-Underberg-Allee;1;47495;Rheinberg;Deutschland;€;m²;Monat;;01.12.2022;;;
1;1728924923;1061;Flechtorf;GLIFPLUSII;Nikolaus-Otto-Straße;10a;38165;Lehre;Deutschland;€;m²;Monat;;01.07.2021;;28.00;
1;1735889806;433;Werne;GIANT;Wahrbrink;25;59368;Werne;Deutschland;€;m²;Monat;;30.04.2018;;15.00;
1;1757374234;4002;Cloppenburg;UIIGARBENONGENO;Brookweg;55-57;49661;Cloppenburg;Deutschland;€;m²;Monat;;01.12.2020;;22.00;
1;1764205832;426;Rotterdam, Oliphantweg 10;GIANT;Oliphantenweg;10;3197;LE Rotterdam;Niederlande;€;m²;Monat;;01.12.2016;;15.00;
1;1764244057;1066;Maastricht, Ierlandlaan;GLIFPLUSII;Ierlandlaan;1;6199 AR;Maastricht Airport;Niederlande;€;m²;Monat;;17.07.2023;;28.00;
1;1769881073;413;Salzgitter;GIANT;Linke-Hoffmann-Busch-Str;2;38226;Salzgitter;Deutschland;€;m²;Monat;;01.12.2016;;15.00;
1;177039082;7109;Magdeburg;GLIFPLUSIII;Appendorfer Weg;8;39171;Sülzetal;Deutschland;€;m²;Monat;;01.12.2022;;;
1;1773162362;110;Moosburg II;MATTERHORN;Degernpoint K;5;85368;Moosburg a.d. Isar;Deutschland;€;m²;Monat;;01.01.2021;;14.00;
1;1800367273;5021;Mäder;GIG;Gewerbestraße;10;6841;Mäder;Österreich;€;m²;Monat;;01.12.2023;;;
1;1801284795;6007;Bodenheim;BrookfieldJV;Lange Ruthe;13;55294;Bodenheim;Deutschland;€;m²;Monat;;01.07.2024;;;
1;1802333371;5010;Kaltenkirchen;DEVFUND;Werner-von-Siemens-Straße;10;24568;Kaltenkirchen;Deutschland;€;m²;Monat;;20.11.2023;;;
1;1806266886;2003;Moerdijk, Transitoweg 1a & 3;TRIUVA;Transitoweg a &;1a & 3;4782 SM;Moerdijk;Niederlande;€;m²;Monat;;01.09.2020;;12.00;
1;1806266886;2004;Moerdijk, Graanweg 4;TRIUVA;Graanweg;4;4782 PP;Moerdijk;Niederlande;€;m²;Monat;;01.09.2020;;12.00;
1;1806266886;2005;Moerdijk, Tradeboulevard 5;TRIUVA;Tradeboulevard;5;4761 RL;Moerdijk;Niederlande;€;m²;Monat;;01.09.2020;;12.00;
1;1811836073;6005;Coswig;BrookfieldJV;Emil-Herrmann-Nacke-Str;7;01640;Coswig;Deutschland;€;m²;Monat;;01.07.2024;;;
1;1818571912;3001;Wien - Warneckestr. 10;HPV;Warneckestraße;10;1110;Wien;Österreich;€;m²;Monat;;01.09.2020;;17.00;
1;1818571912;3003;Wien - Warneckestr. 7;HPV;Warneckestraße;7;1110;Wien;Österreich;€;m²;Monat;;01.01.2021;;17.00;
1;1818571912;3004;Duisburg - Zum Containerterminal 1;HPV;Zum Containerterminal;1;47119;Duisburg;Deutschland;€;m²;Monat;;01.12.2020;;17.00;
1;1818571912;3006;Ansbach;HPV;Faunstraße;6;91522;Ansbach;Deutschland;€;m²;Monat;;01.04.2022;;17.00;
1;1823853816;6001;Wörth;BrookfieldJV;Siemensstraße a;2;84109;Wörth;Deutschland;€;m²;Monat;;01.07.2024;;;
1;1834299286;485;Krananlagen Stuttgart, BVO Isernhagen;GIANT;Wernerstraße;119-129;70435;Stuttgart;Deutschland;€;m²;Monat;;01.04.2004;;;
1;1840053389;1001;Essen - Bonifaciusstr./Rotth. Str.48;GLIFPLUSII;Bonifaciusstr/Rotthauser Str;1 / 48;45309;Essen;Deutschland;€;m²;Monat;;11.09.2020;;18.00;
1;1840053389;1005;Karlsfeld;GLIFPLUSII;Einsteinstraße;2;85757;Karlsfeld;Deutschland;€;m²;Monat;;01.01.2021;;18.00;
1;1840053389;1006;Ottendorf;GLIFPLUSII;Bergener Ring;10;01458;Ottendorf-Okrilla;Deutschland;€;m²;Monat;;01.03.2021;;18.00;
1;1840053389;1007;Norderstedt - Oststraße 1c;GLIFPLUSII;Oststraße;1c;22844;Norderstedt;Deutschland;€;m²;Monat;;30.01.2021;;18.00;
1;1840053389;1008;Veenendaal, Arsenaal;GLIFPLUSII;Arsenaal;2;3905 NN;Veenendaal;Niederlande;€;m²;Monat;;01.04.2021;;18.00;
1;1840053389;1009;Hamburg - Neuer Höltigbaum 6;GLIFPLUSII;Neuer Höltigbaum;6;22143;Hamburg;Deutschland;€;m²;Monat;;17.04.2021;;18.00;
1;1840053389;1010;Bisingen;GLIFPLUSII;Conrad-Röntgen-Straße;4;72406;Bisingen;Deutschland;€;m²;Monat;;01.01.2022;;18.00;
1;1840053389;1011;Neustadt an der Donau;GLIFPLUSII;Raffineriestraße;1;93333;Neustadt an der Donau;Deutschland;€;m²;Monat;;19.02.2022;;18.00;
1;1840053389;1012;Rijsbergen, Treeport;GLIFPLUSII;Treeport;1-5;4891 PZ;Rijsbergen;Niederlande;€;m²;Monat;;22.02.2022;;18.00;
1;1840053389;1013;Arnhem, Delta;GLIFPLUSII;Delta;132-134;6825 MV;Arnhem;Niederlande;€;m²;Monat;;24.03.2022;;18.00;
1;1840053389;1014;Frankfurt Cargo City;GLIFPLUSII;Cargo City Süd Gebäude;579;60549;Frankfurt am Main;Deutschland;€;m²;Monat;;01.07.2022;;18.00;
1;1840053389;1015;Kelsterbach;GLIFPLUSII;Mönchhofallee;1;65451;Kelsterbach;Deutschland;€;m²;Monat;;01.04.2022;;18.00;
1;1840053389;1016;Rieste - Niedersachsenpark Halle 1;GLIFPLUSII;Hannoversche Straße;7;49597;Rieste;Deutschland;€;m²;Monat;;01.01.2022;;18.00;
1;1840053389;1018;Rieste - Niedersachsenpark Halle 3;GLIFPLUSII;Hannoversche Straße;4;49597;Rieste;Deutschland;€;m²;Monat;;01.06.2022;;18.00;
1;1840053389;1019;Berlin-Reinickendorf - Lange Enden 1;GLIFPLUSII;Lange Enden;1;13437;Reinickendorf;Deutschland;€;m²;Monat;;07.01.2023;;18.00;
1;1856596037;729;Wien - IZ-Nö-Süd Str. 16;GLIF;Straße  Objekt;16;2355;Wien;Österreich;€;m²;Monat;mit Stufen;01.01.2020;;50.00;
1;190238362;489;Nittendorf BV;GIANT;Deuerlinger Straße;48;93152;Nittendorf;Deutschland;€;m²;Monat;;01.01.2021;;;
1;1905672882;4004;Meßkirch;UIIGARBEGENO;Kapellenstraße/Planstraße;;88605;Meßkirch;Deutschland;€;m²;Monat;;01.01.2020;;19.00;
1;1910240953;4007;Tilburg, Brakman;UIIGARBEGENO;Brakman;50-52;5047 SW;Tilburg;Niederlande;€;m²;Monat;;01.04.2021;;19.00;
1;1913192070;422;Isernhagen;GIANT;Chromstraße/Eisenstraße;18 / 19;30916;Isernhagen;Deutschland;€;m²;Monat;;01.12.2016;;15.00;
1;1924942336;6004;Müllendorf;BrookfieldJV;Eisenstädter Str.;;7052;Müllendorf;Österreich;€;m²;Monat;;01.07.2024;;;
1;1941737088;101;Kempen;MATTERHORN;Industriering-Ost;93;47906;Kempen;Deutschland;€;m²;Monat;;01.01.2020;;21.00;
1;1958696918;114;WCC Leipzig - Schkeuditz;MATTERHORN;Hans-Wittwer-Str;6;04435;Schkeuditz;Deutschland;€;m²;Monat;;01.05.2020;;21.00;
1;1991111077;411;Mannheim;GIANT;Spreewaldallee;29;68309;Mannheim;Deutschland;€;m²;Monat;;01.12.2016;;15.00;
1;1996330784;4008;Venlo, M de Vriesstraat;UIIGARBEGENO;Maarten de Vriesstraat;3;5975 RW;Venlo;Niederlande;€;m²;Monat;;01.04.2021;;;
1;2007367368;6006;Stapelfeld;BrookfieldJV;Meiendorfer Amtsweg;5;22145;Stapelfeld;Deutschland;€;m²;Monat;;01.07.2024;;;
1;2023470397;4011;Emden;UIIGARBENONGENO;Polderweg;18;26723;Emden;Deutschland;€;m²;Monat;;01.10.2021;;22.00;
1;2028352866;407;Duisburg - Bremenhavener Str. 5;GIANT;Bremerhavener Str / Europaallee;5 / 16;47229;Duisburg;Deutschland;€;m²;Monat;;01.12.2016;;15.00;
1;2028352952;403;Duisburg - Hamburger Str. 40;GIANT;Hamburger Str;40;47229;Duisburg;Deutschland;€;m²;Monat;;01.12.2016;;15.00;
1;2050985087;8001;Almere;ARES;Hameiweg;10;1332CB;Almere;Niederlande;€;m²;Jahr;mit Stufen;;;;
1;2064207163;436;Oberkrämer;GIANT;Im Gewerbepark;32;16727;Oberkrämer;Deutschland;€;m²;Monat;;26.01.2021;;15.00;
1;2089982546;1060;Aalsmeer, Braziliëlaan;GLIFPLUSII;Braziliëlaan;23;1432 DG;Aalsmeer;Niederlande;€;m²;Monat;;14.07.2023;;28.00;
1;2097228699;7005;Varel;GLIFPLUSIII;Aeropark;4;26316;Varel;Deutschland;€;m²;Monat;ohne Stufen;01.01.2023;;29.00;
1;216774656;488;BVO Oberkrämer;GIANT;Im Gewerbepark;32;16727;Oberkrämer;Deutschland;€;m²;Monat;;01.01.2022;;;
1;21866509;7006;Wroclaw (PL) ;GLIFPLUSIII;Nowa;27;55-080;Nowa Wies Wroclawska (Katy Wroclawskie);Polen;€;m²;Monat;;30.09.2022;;29.00;
1;230376083;429;Roosendaal, g29;GIANT;Borchwerf;27;4704;RG Roosendaal;Niederlande;€;m²;Monat;;01.12.2016;;15.00;
1;230376435;428;GIANT Roosendaal g28 B.V;GIANT;Borchwerf;25;4704;RG Roosendaal;Niederlande;€;m²;Monat;;01.12.2016;;15.00;
1;238768241;4009;Kaiserslautern;UIIGARBEGENO;Marie-Curie-Str;6;67661;Kaiserslautern;Deutschland;€;m²;Monat;;01.07.2021;;19.00;
1;251322243;442;Nittendorf;GIANT;Deuerlinger Straße;48;93152;Nittendorf;Deutschland;€;m²;Monat;;01.01.2021;;15.00;
1;252619740;1002;Regensburg;GLIFPLUSII;Bukarester Straße;11;93055;Regensburg;Deutschland;€;m²;Monat;;01.01.2023;;28.00;
1;261721429;418;Berlin - Auguste-Viktoria-Allee 12-13;GIANT;August-Viktoria-Allee;12-13;13403;Berlin;Deutschland;€;m²;Monat;;01.12.2016;;15.00;
1;268914321;987;Mettmann;DEVFUND;Wülfrather Straße;;40822;Mettmann;Deutschland;€;m²;Monat;;01.06.2024;;;
1;274318727;7030;Ramstein;GLIFPLUSIII;Industriestraße;2;66877;Ramstein;Deutschland;€;m²;Monat;;01.01.2023;;29.00;
1;295260099;239;Holzgerlingen;DEVFUND;Daimlerstr;11-13;71038;Holzgerlingen;Deutschland;€;m²;Monat;;01.07.2021;;;
1;3029;4013;Castel San Pietro Terme (Bologna);UIIGARBEGENO;via Henry Ford;7-9;40024;Bologna;Italien;€;m²;Monat;mit Stufen;02.12.2022;;;
1;3029;4018;Tortona (AL);UIIGARBEGENO;Strata Statale;10;15057;Tortona;Italien;€;m²;Monat;mit Stufen;19.04.2023;;;
1;3032;5016;Duisburg - Hamborner Str. 30-34;GIG;Hamborner Straße;30;47137;Duisburg;Deutschland;€;m²;Monat;mit Stufen;01.04.2025;;;
1;3033;4017;Poznan VIDA XL;UIIGARBEGENO;Chocicza Mala;29;62-300;Wrzesnia;Polen;€;m²;Monat;mit Stufen;23.09.2022;;;
1;3034;579;Kottingbrunn;GIG;Lise-Meitner-Straße;2;2542;Kottingbrunn;Österreich;€;m²;Monat;mit Stufen;28.03.2024;;;
1;3036;246;Garbsen - Flemmingstraße 10;DEVFUND;Flemmingstraße;10;;Garbsen;Deutschland;€;m²;Monat;mit Stufen;01.12.2024;;;
1;311521137;232;Darmstadt;DEVFUND;Mainzer Str;55;64293;Darmstadt;Deutschland;€;m²;Monat;;01.06.2019;;;
1;337212983;4005;Halle;UIIGARBEGENO;Polarisstr;1a;06116;Halle;Deutschland;€;m²;Monat;;31.03.2021;;19.00;
1;361311446;102;Allershausen;MATTERHORN;Kesselbodenstraße;30;85391;Allershausen;Deutschland;€;m²;Monat;;01.01.2020;;14.00;
1;421248469;115;Mörfelden;MATTERHORN;Hessenring;25;64546;Mörfelden;Deutschland;€;m²;Monat;;01.04.2020;;14.00;
1;428022651;427;Amersfoort, Basicweg 10;GIANT;Basicweg;8;3821;BR Amersfoort;Niederlande;€;m²;Monat;;01.12.2016;;15.00;
1;463726876;435;Gudensberg;GIANT;Riedwiesen;7;34281;Gudensberg;Deutschland;€;m²;Monat;;01.01.2019;;15.00;
1;481137534;7104;Burscheid;GLIFPLUSIII;Straßerhof;34;51399;Burscheid;Deutschland;€;m²;Monat;mit Stufen;01.12.2022;;;
1;488254915;1065;Ridderkerk, Peterselieweg;GLIFPLUSII;Peterselieweg;70, 72, 74;;Ridderkerk;Niederlande;€;m²;Monat;;01.01.2024;;28.00;
1;497813006;4006;Gütersloh;UIIGARBENONGENO;Bartels Feld;A;33332;Gütersloh;Deutschland;€;m²;Monat;;01.04.2021;;22.00;
1;499241741;415;Witten;GIANT;Brauckstraße;51;58454;Witten;Deutschland;€;m²;Monat;;01.12.2016;;15.00;
1;5014;5014;DE14 Logimac GmbH;;;;;;Deutschland;€;m²;Monat;mit Stufen;01.01.2023;;;
1;503565186;405;Gudensberg I;GIANT;Riedwiesen;9;34281;Gudensberg;Deutschland;€;m²;Monat;;01.12.2016;;15.00;
1;546618262;440;Wildeck;GIANT;Im Mackenrothschen Garten;1;36208;Wildeck;Deutschland;€;m²;Monat;;19.09.2022;;15.00;
1;572273335;4001;Bielefeld;UIIGARBENONGENO;Teltower Straße;15;33719;Bielefeld;Deutschland;€;m²;Monat;;27.11.2020;;22.00;
1;590902019;942;Dortmund - Kaltbandstr. 4;EhemalsRasmala;Kaltbandstraße;4;44145;Dortmund;Deutschland;€;m²;Monat;;21.12.2017;;;
1;590902019;957;Dortmund - Warmbreitbandstr. 3;EhemalsRasmala;Warmbreitbandstr;3;44145;Dortmund;Deutschland;€;m²;Monat;;01.01.2019;;;
1;597141264;7045;Dissen I - Westring 8;GLIFPLUSIII;Westring;8;49201;Dissen;Deutschland;€;m²;Monat;;01.07.2025;;;
1;630907911;105;Flechtorf II;MATTERHORN;Nikolaus-Otto-Straße;21;38165;Flechtorf;Deutschland;€;m²;Monat;;16.12.2020;;14.00;
1;678253007;6002;Langenhagen;BrookfieldJV;Am Pferdemarkt;35-37;30853;Langenhagen;Deutschland;€;m²;Monat;;01.07.2024;;;
1;695847153;425;Dortmund - Kaltbandstraße 5-7;GIANT;Kaltbandstraße;5-7;44148;Dortmund;Deutschland;€;m²;Monat;;01.12.2016;;15.00;
1;696223985;424;Dortmund - Kaltbandstraße 1+3;GIANT;Kaltbandstraße;1 - 3;44145;Dortmund;Deutschland;€;m²;Monat;;01.12.2016;;15.00;
1;710438220;242;Lüneburg;DEVFUND;Gebrüder-Heyn-Straße  a;8;21337;Lüneburg;Deutschland;€;m²;Monat;mit Stufen;01.01.2024;;;
1;718370209;244;Bramsche;DEVFUND;Bei Rölkers Wiesen;12;49565;Bramsche;Deutschland;€;m²;Monat;;01.01.2023;;;
1;72431344;410;Gudensberg II;GIANT;Riedwiesen;11;34281;Gudensberg;Deutschland;€;m²;Monat;;01.12.2016;;15.00;
1;757557503;438;Siegen;GIANT;In der Steinwiese;12+16;57074;Siegen;Deutschland;€;m²;Monat;;01.10.2020;;15.00;
1;767191788;241;Hörselberg;DEVFUND;Industriestraße a;2;99820;Hörselberg-Hainich;Deutschland;€;m²;Monat;;29.08.2023;;;
1;782644080;111;Almere;MATTERHORN;Fort Blauwkapel;1;1358DB;Almere;Niederlande;€;m²;Monat;;01.06.2021;;;
1;786527188;243;Kabelsketal;DEVFUND;Eschenring;14;06184;Kabelsketal;Deutschland;€;m²;Monat;;17.10.2024;;;
1;794317480;2001;Leipzig;TRIUVA;BMW Allee  - a;10 - 10;04349;Leipzig;Deutschland;€;m²;Monat;;09.10.2019;;;
1;794317480;2002;Reichertshofen;TRIUVA;Benzstraße   und;4, 6 und 8;85084;Reichertshofen;Deutschland;€;m²;Monat;;09.10.2021;;;
1;794317480;2090;Ede;TRIUVA;Galvanistraat;100;6716 AE;Ede;Niederlande;€;m²;Jahr;mit Stufen;01.01.2024;;;
1;803756901;1004;Flieden;GLIFPLUSII;Am Landrücken;14;36103;Flieden;Deutschland;€;m²;Monat;;01.01.2023;;28.00;
1;803772768;7042;Almere, Hefbrugweg Alfen;GLIFPLUSIII;Hefbrugweg;79-83;;Almere;Niederlande;€;m²;Monat;;15.11.2022;;29.00;
1;878333197;7105;Walsrode;GLIFPLUSIII;Große Schneede;15;29664;Walsrode;Deutschland;€;m²;Monat;;01.12.2022;;;
1;880803669;406;Mellendorf;GIANT;Bremer Weg;6+8;30900;Wedemark;Deutschland;€;m²;Monat;;01.12.2016;;15.00;
1;880812088;4012;Achim;UIIGARBEGENO;Max-Naumann-Straße;1;28832;Achim;Deutschland;€;m²;Monat;;01.01.2022;;19.00;
1;9;9945;Almelo, Darwin 9;EhemalsRasmala;Darwin;9;7609RL ;Almelo;Niederlande;€;m²;Jahr;mit Stufen;01.01.2024;;;
1;918038740;113;Zweibrücken;MATTERHORN;Göteborger Str;35;66482;Zweibrücken;Deutschland;€;m²;Monat;;01.05.2020;;14.00;
1;918309378;6008;Ludwigsfelde;BrookfieldJV;Rudolf-Diesel-Straße;17;14974;Ludwigsfelde;Deutschland;€;m²;Monat;;03.09.2024;;;
1;923010233;741;Berlin-Neukölln - Kanalstraße 117;GUNIF;KöpenickerStr/Kanalstr;36 / 117;12357;Berlin;Deutschland;€;m²;Monat;;15.01.2016;;50.00;
1;923010233;742;Norderstedt - Erlengang 32;GUNIF;Erlengang;32;22844;Norderstedt;Deutschland;€;m²;Monat;;20.06.2018;;50.00;
1;923010233;744;Berlin-Spandau - Brunsbütteler Damm 188;GUNIF;Brunsbütteler Damm;180, 184-188, 206;13581;Berlin;Deutschland;€;m²;Monat;;15.01.2016;;50.00;
1;923010233;745;Berlin-Zehlendorf - Wupperstraße 10;GUNIF;Wupperstraße;10;14167;Berlin;Deutschland;€;m²;Monat;;15.01.2016;;50.00;
1;923010233;746;Berlin-Reinickendorf - Eichborndamm 167-175;GUNIF;Eichborndamm;167-175, 179;13403;Berlin;Deutschland;€;m²;Monat;;30.12.2015;;50.00;
1;923010233;747;Berlin-Hohenschönhausen - Marzahner Str. 24;GUNIF;Marzahner Straße b;24;13053;Berlin;Deutschland;€;m²;Monat;;30.12.2015;;50.00;
1;923010233;748;Glinde - Wilhelm-Bergner-Str. 4;GUNIF;Wilhelm-Bergner-Straße;4;21509;Glinde;Deutschland;€;m²;Monat;;30.12.2015;;50.00;
1;923010233;749;Köln - Josef-Linden-Weg 18;GUNIF;Josef-Linden-Weg;18;51149;Köln;Deutschland;€;m²;Monat;;30.12.2015;;50.00;
1;923010233;750;Köln - Venloer Str. 1271;GUNIF;Venloer Straße;1271;50829;Köln;Deutschland;€;m²;Monat;;30.12.2015;;50.00;
1;923010233;751;Ginsheim-Gustavsburg;GUNIF;Am Kupferwerk;12 / 20;65462;Ginsheim;Deutschland;€;m²;Monat;;30.12.2015;;50.00;
1;923010233;752;München-Schwabing;GUNIF;MariaProbstStr/Elisabeth;17;80939;München;Deutschland;€;m²;Monat;;30.12.2015;;50.00;
1;923010233;753;Neufahrn;GUNIF;Bajuwarenstraße;7;85375;Neufahrn;Deutschland;€;m²;Monat;;15.01.2016;;50.00;
1;923010233;755;Berlin-Spandau - Brunsbütteler Damm 176,178,190,192,194;GUNIF;Brunsbütteler Damm;176,178,190,192,194;13581;Berlin;Deutschland;€;m²;Monat;;01.09.2017;;50.00;
1;923010233;756;Glinde - Wilhelm-Bergner-Str. 6;GUNIF;Wilhelm-Bergner-Straße;6 a-g;21509;Glinde;Deutschland;€;m²;Monat;;01.09.2017;;50.00;
1;92537661;2102;Bollberg;ARES;Im Gewerbepark;3;07646;Bollberg;Deutschland;€;m²;Monat;;29.12.2023;;;
1;962490682;4016;L.J. Costerstraat, Venlo;UIIGARBENONGENO;LJ Costerstraat;28-30;5916 PS;Venlo;Niederlande;€;m²;Monat;;01.04.2022;;;
1;971996828;570;Hanau;GIG;Margarete-von-Wrangell-Str;22;63457;Hanau;Deutschland;€;m²;Monat;;25.09.2020;;10.00;
1;977960929;4021;Apeldoorn, IJsseldijk;UIIGARBENONGENO;;;;;Deutschland;€;m²;Monat;mit Stufen;04.09.2023;;;
1;999;2301;Giengen I;Pontegadea_Partler;Am Tannenwald;3;89537;Giengen an der Brenz;Deutschland;€;m²;Monat;mit Stufen;01.08.2025;;;
1;999;2302;Giengen II;Pontegadea_Partler;Am Tannenwald;5;89537;Giengen an der Brenz;Deutschland;€;m²;Monat;mit Stufen;01.08.2025;;;
1;999;2303;Holzgerlingen I;Pontegadea_Partler;Daimlerstraße;11-13;71088;Holzgerlingen;Deutschland;€;m²;Monat;mit Stufen;01.08.2025;;;
1;999;2304;Holzgerlingen II;Pontegadea_Partler;Max-Eyth-Straße;29;71088;Holzgerlingen;Deutschland;€;m²;Monat;mit Stufen;01.08.2025;;;
1;999;350;Rüdenhausen;;Alte Gärtnerei;3;97355;Abtswind;Deutschland;€;m²;Monat;mit Stufen;18.12.2025;;;
1;999;360;Straubing;;Wiener Straße;6;94315;Straubing;Deutschland;€;m²;Monat;mit Stufen;08.12.2025;;;
1;999;496;GIANT Joint Venture GmbH & Co. KG;;;;;;Deutschland;€;m²;Monat;mit Stufen;01.01.2024;;;
1;999;5053;DE53 Logimac, Reinbek;;Gutenbergstraße;13-15;21465;Reinbek;Deutschland;€;m²;Monat;mit Stufen;31.10.2025;;;
Total (#231);;;;;;;;;;;;;;;;;